deriv(average(getData("/net010" ?result "tran"))) X,deriv(average(getData("/net010" ?result "tran"))) Y
-0.01111111,0.383191657516629
-0.007222222,1.602488004656239
-0.003333333,16.7039713033336
0.0005555556,73.6485622866475
0.004444444,117.2709841889267
0.008333333,40.56463013006738
0.01222222,6.029679698827008
0.01611111,0.4047438219579661
0.02,0.0008108819010167991
